{"paths":{},"types":[],"uuids":["00KYyrJsVB5pjVgab+Mnek","01OWXqMrJDeYC9kqRz3Zwm","069ebgf2xNLZwul9sqck9p","12HOg/PqNEIrLzvkOvyBes","17oCMmK+dMRJxqe2S7fvuG","17//snLxJJc4tQg2w2rRTD","1cOPDAiOdF87BuEvgr+Ts4","20bbhdOlxEqpMLKUM8cuA5","2dAK5oR/RE/qKJ9AK5hPhQ","327tdjYulA5ZsS8t4j5+hJ","339KIzLlZIqoR78pLVx+hQ","3epU18AyxKg69tDpHHiWh9","4aICmQl5ZA856qQbw7CJBQ","4dPEICnqRLV6TFyDI9EDbT","4fM/zu+NlMELPZ+pzyjF+H","5e1p+Q31lFUbzHCA8PMLyJ","6cN4fRSB1PZYxFU9bxKsFy","7eSrg7V3pCC6DpxdkNDfNa","7e+bBfzv1IlZVRAaR0QCtn","8d8ChpYklEQ5RpbOa3HPqz","983umUWEpKoJ7SQavEZvkf","9fnjx/57VHMr61B0hSAafH","a8bMNaHatLQI4+8BTKvmR2","c2iLkVTFFDWrWnbc7tk4e5","c4BeGG2aNIdqfjwKeUk2sm","c8jA/mo3JOeouSPmSlWkvT","c9yPzb6MlOjKGBUWYJ5Vw+","ddX95YSvNCao6h5/5/RIph","e1l6HMujBPvoXNidFAr1FG","eaHACqOtVNTZf96tAqLQ1j","ebHrFNDnhIbKnacXMOqCV2","ecgXXY8mBGeJRZTeaD2VuC","fbGEuekp1F4r8ee0JHDL2A","02delMVqdBD70a/HSD99FK","03ROcuv45CoJNGn8CavJHR","09yEN9ypdGQrNq3cqI7+Vr","0bDRHS+UJD4KIasAysaqAt","0cKr4emRZMDKxT3UrNtHl9","0dfcCipOBCIrnq6+plKwoB","13i8bx3mdDpo2exzlUjUbm","14S0EdCFBEvINk9YDdtRoo","15ZJN+7UJNG4JleredYO85","17Ew0qxA9PIp+ZnGRlGCe/","1eQZSHRE5HG6AZ0n/Egyge","25ITNHhwdKEoEPIlEHBUHF","35tBmHkolHJLPHWdLBhviU","3cFrAA3j5E9r2PQEEITx0a","44BHaN0JNHarRnx2RP8X2/","4fJnSrmHhOvJF/TRlryhCK","4fa7JheKxK/a9ZFLNHaL+4","557+bHkGFO9aXdTXSYDUMC","65nzRqha5JCaekpP0Ttyh8","65pYZyxLdCrZE2pps91LRw","67uiJ8svhFwL8+ik5hPTUQ","69V9/nCZRCWr+eGxt/Fy2a","6eylmnUxZLJabK9aL34DPM","6e/s7Cyf5IcZpTXw4NYqH2","72fK02hF5FBLdvNPiepe7W","72/jt3roFO1qf26bRj2Epb","75mKqcuspKgJPbqZVlQIC3","77BRlgLBZG3ZwfI1is2U9B","77FjqwESBIIbKpJqYFNE4h","7ax89fNHhByaJzbGaXG32H","7azY4VpIFCzIUw/nOAHP17","7dVBBtzXVL2rcbdNwSLZBG","868FtmgbpHbqbL3c5KiJ6u","8c/A38LGpNJrRBKZEjureY","90/gTLdlxCeI+YZFB/et/7","93rbc17VNJ3LUAnuLUuYEz","a2MjXRFdtLlYQ5ouAFv/+R","b2nr2KiMZK9LxCUfeTclb4","bbxzswcjJPmqrjiRg0WNsB","c33f2/rlpIv7hLcULOcy9r","c7L7V2iNdCYZJD3GgkLn1C","cbm/GPzYRBDpaFt8MMVT2V","cd1+uBAv1Ix6F3KuqoGDs9","d0oQ+duXFAR4K+mVJc2u0M","d9uddxA49DdYGuXx1OQIWv","dc9UyI1VZOtrVvbJqJBVJZ","deM8yifm9B2KIHC98BVrHr","dfQQM2WBtHD4vKqmUgxMMt","e6BhFTQqFCqYsVdawWHLnA","e7wuiOGyVLg6LQYYDcc2Lk","e8zPPAIWlL7rC2xkGFsdr8","ea42jX851LfpVzrvgRUl3r","ecpdLyjvZBwrvm+cedCcQy","f08ygz+zBCNrka5cNljHc6","f3iHJBgEpJMoNshAoLfyNs","f6wrJk3YNCerpKP2lWw8bk","f8fXMd63xDDarnGFcjWzgv","f8xk+yIxdI+bRDh5J2oRm/","fbIBdq8IJG+ZISFJxfwiEu"],"scenes":{"db://assets/home.fire":25},"redirect":[33,0,37,1,39,1,43,1,60,1,85,0],"deps":["internal","resources"],"packs":{"085107422":[34,35,36,38,40,41,42,44,45,46,47,48,49,50,51,52,53,54,55,56,57,58,59,61,62,63,64,65,66,67,68,69,70,71,72,73,25,74,75,76,77,78,79,80,81,82,83,84,86,87,88,89,90,91],"0f6c79df8":[0,1,2,3,4,5,6,7,8,9,10,11,12,13,14,15,16,17,18,19,20,21,22,23,24,26,27,28,29,30,31,32]},"name":"main","importBase":"import","nativeBase":"native","debug":false,"isZip":false,"encrypted":false,"versions":{"import":["085107422","32035","0f6c79df8","bd7a4"],"native":[0,"f7152",1,"138c5",2,"c20fa",3,"9b4a0",4,"11421",5,"22c53",6,"673d5",7,"e0a3f",8,"e57a4",9,"3fa91",10,"ca37f",11,"a6155",12,"5a3e5",13,"84630",14,"a61ef",15,"d2a98",16,"7e43f",17,"c51de",18,"c94d9",19,"e5470",20,"92ba8",21,"85fff",22,"7ddf9",23,"00907",24,"a527f",26,"b26e5",27,"9fbc5",28,"97b7b",29,"e7b47",30,"c5d30",31,"91707",32,"3e9d0"]}}