{"paths":{"0":["font/UVNBaiSau_R",2],"1":["audios/back_ground_music",1],"2":["font/UVNBaiSau_B",2],"3":["audios/game_over",1],"4":["audios/catch_seven",1],"5":["audios/click",1],"7":["anim/boom",0]},"types":["cc.AnimationClip","cc.AudioClip","cc.TTFFont"],"uuids":["0cKr4emRZMDKxT3UrNtHl9","10mJwfydJDdajOTWh4QnaU","1eQZSHRE5HG6AZ0n/Egyge","7fCTnaHWtOYbUdERGECWFB","8a6TK/WDtFA4n0s+PmslYi","efk+Wj3DZD642UgWoG/3Xo","13i8bx3mdDpo2exzlUjUbm","77BRlgLBZG3ZwfI1is2U9B","25w+BR/OpBDJEiZKSr97Z6","28OrVLkMtJyqcaOs8sKGCm","2cMoecNCdDS6XVccl0JSw7","3cti+PIJ1HwpB7twi3g7hf","42clx786xGUL/ZG9v/stao","49uHdqEJFK/b/8baHWXXw2","aaIw9UBGxHRaSp3/gCVYya","be1cC0SBJIlJYW/Favftgs","d2T3fvqn9OypsloD9u3m0T"],"scenes":{},"redirect":[],"deps":[],"packs":{"0a416f0cc":[8,9,10,11,12,13,7,14,15,16]},"name":"resources","importBase":"import","nativeBase":"native","debug":false,"isZip":false,"encrypted":false,"versions":{"import":["0a416f0cc","aa417",0,"56ed1",1,"90c06",6,"7871f",2,"9a4a6",3,"e843a",4,"9162a",5,"e4fb1"],"native":[0,"4e953",1,"36f68",6,"70e73",2,"10fdf",3,"e0400",4,"e662b",5,"7e47d"]}}