{
    "paths": {},
    "uuids": [
        "01sny7lclJuoUJdjQ1AudI",
        "02delMVqdBD70a/HSD99FK",
        "03hH+JiztME4Vtw/12JmU3",
        "06rLuQGMNO5rDoD1kE6fY7",
        "09yEN9ypdGQrNq3cqI7+Vr",
        "0bDRHS+UJD4KIasAysaqAt",
        "0cKr4emRZMDKxT3UrNtHl9",
        "0dfcCipOBCIrnq6+plKwoB",
        "0ekXHKNApNpbrKwXetORY1",
        "13i8bx3mdDpo2exzlUjUbm",
        "15ZJN+7UJNG4JleredYO85",
        "15bqrHilFHGqwVOa1hPiZi",
        "16XDzh4SFMOZWYiqpy3oVD",
        "1eQZSHRE5HG6AZ0n/Egyge",
        "1er8C2x8hNOJEEyIgEA7LV",
        "25Oe2/vOxDHoZoeih1vijL",
        "31xmD3OCRFIYKtf2wccNf9",
        "36PZ23IIVD7bZ5eH2O0Waf",
        "363djli6ZEHJilWaNwGFD7",
        "38/3JTMZlE1Ll+0bJ95Ttv",
        "3cFrAA3j5E9r2PQEEITx0a",
        "42be2vQ21MHIXIDp8Juby8",
        "4fJnSrmHhOvJF/TRlryhCK",
        "51Afm2S7dFI5BCBresQlTB",
        "557+bHkGFO9aXdTXSYDUMC",
        "56DWb/OIdFILHD/xZuyXNJ",
        "56/nDdX4tBEIfgEURJwNEV",
        "5cp5SXe3VLX4wO84HhNYwO",
        "5fqv3obPJD9I5hNvW9ywg2",
        "65nzRqha5JCaekpP0Ttyh8",
        "67uiJ8svhFwL8+ik5hPTUQ",
        "69V9/nCZRCWr+eGxt/Fy2a",
        "6eylmnUxZLJabK9aL34DPM",
        "6e/s7Cyf5IcZpTXw4NYqH2",
        "6f/ws+0M9H2Y/K6wtw6NWc",
        "75mKqcuspKgJPbqZVlQIC3",
        "77BRlgLBZG3ZwfI1is2U9B",
        "80/CrBhrRG3opo7rkMz6Or",
        "86hbiW64FIo41pAU8QmMcm",
        "8ft25dquZORpKMUEo//nbu",
        "a2MjXRFdtLlYQ5ouAFv/+R",
        "a4O7ey8jFAH4+AxtXxFprk",
        "aaK581GyFEuIUfIv9Cnc80",
        "b1rENAAsBBD6/c01ZAN4Xb",
        "bcz59D9qZNwb/wwp3WQF6i",
        "c4BeGG2aNIdqfjwKeUk2sm",
        "c6AGkvMudJcIYqG0CSpYYd",
        "c7L7V2iNdCYZJD3GgkLn1C",
        "c8Q9YlcPFHUqtgl7s1tOnG",
        "c8jA/mo3JOeouSPmSlWkvT",
        "ccd/1CtnpEgo4Up3d3AWDY",
        "cfc64ljJtDLY+fx81PLjff",
        "d0oQ+duXFAR4K+mVJc2u0M",
        "d6xz57ICVAgJZyF/OJ8Ygt",
        "dcV7hpT65NHYrWi+Bocoqv",
        "deM8yifm9B2KIHC98BVrHr",
        "e16s2eV7xM6otWdTPEHiJy",
        "e2SpOWs4dDjLWmh++ugkXn",
        "e40nuRyaZGtbABnLpHir9A",
        "e6BhFTQqFCqYsVdawWHLnA",
        "e7tQ2HJ79HTZ3whTltxwH+",
        "e7wuiOGyVLg6LQYYDcc2Lk",
        "eaHACqOtVNTZf96tAqLQ1j",
        "ebHrFNDnhIbKnacXMOqCV2",
        "ecpdLyjvZBwrvm+cedCcQy",
        "ectRod5O5PZYYKc1apBxbD",
        "f0ZpIiJTNDU5Iv7UD6Fzj8",
        "f2uIQGhDxFPZpcTB0BwIks",
        "f3iHJBgEpJMoNshAoLfyNs",
        "f8fXMd63xDDarnGFcjWzgv",
        "f8xk+yIxdI+bRDh5J2oRm/",
        "f96+K4V4ZApowqV4FmFo8d",
        "fbIBdq8IJG+ZISFJxfwiEu"
    ],
    "scenes": {
        "db://assets/home.fire": "c8jA/mo3JOeouSPmSlWkvT"
    },
    "redirect": [
        "02delMVqdBD70a/HSD99FK",
        0,
        "0cKr4emRZMDKxT3UrNtHl9",
        1,
        "13i8bx3mdDpo2exzlUjUbm",
        1,
        "1eQZSHRE5HG6AZ0n/Egyge",
        1,
        "77BRlgLBZG3ZwfI1is2U9B",
        1,
        "ecpdLyjvZBwrvm+cedCcQy",
        0
    ],
    "deps": [
        "internal",
        "resources"
    ],
    "packs": {
        "0269905cd": [
            "06rLuQGMNO5rDoD1kE6fY7",
            "25Oe2/vOxDHoZoeih1vijL",
            "38/3JTMZlE1Ll+0bJ95Ttv",
            "51Afm2S7dFI5BCBresQlTB",
            "56/nDdX4tBEIfgEURJwNEV",
            "5fqv3obPJD9I5hNvW9ywg2",
            "6f/ws+0M9H2Y/K6wtw6NWc",
            "80/CrBhrRG3opo7rkMz6Or",
            "86hbiW64FIo41pAU8QmMcm",
            "8ft25dquZORpKMUEo//nbu",
            "a4O7ey8jFAH4+AxtXxFprk",
            "c4BeGG2aNIdqfjwKeUk2sm",
            "c8Q9YlcPFHUqtgl7s1tOnG",
            "cfc64ljJtDLY+fx81PLjff",
            "e16s2eV7xM6otWdTPEHiJy",
            "e2SpOWs4dDjLWmh++ugkXn",
            "e40nuRyaZGtbABnLpHir9A",
            "e7tQ2HJ79HTZ3whTltxwH+",
            "eaHACqOtVNTZf96tAqLQ1j",
            "ebHrFNDnhIbKnacXMOqCV2",
            "f96+K4V4ZApowqV4FmFo8d"
        ],
        "0a3424489": [
            "01sny7lclJuoUJdjQ1AudI",
            "03hH+JiztME4Vtw/12JmU3",
            "09yEN9ypdGQrNq3cqI7+Vr",
            "0bDRHS+UJD4KIasAysaqAt",
            "0dfcCipOBCIrnq6+plKwoB",
            "0ekXHKNApNpbrKwXetORY1",
            "15ZJN+7UJNG4JleredYO85",
            "15bqrHilFHGqwVOa1hPiZi",
            "16XDzh4SFMOZWYiqpy3oVD",
            "1er8C2x8hNOJEEyIgEA7LV",
            "31xmD3OCRFIYKtf2wccNf9",
            "36PZ23IIVD7bZ5eH2O0Waf",
            "363djli6ZEHJilWaNwGFD7",
            "3cFrAA3j5E9r2PQEEITx0a",
            "42be2vQ21MHIXIDp8Juby8",
            "4fJnSrmHhOvJF/TRlryhCK",
            "557+bHkGFO9aXdTXSYDUMC",
            "56DWb/OIdFILHD/xZuyXNJ",
            "5cp5SXe3VLX4wO84HhNYwO",
            "65nzRqha5JCaekpP0Ttyh8",
            "67uiJ8svhFwL8+ik5hPTUQ",
            "69V9/nCZRCWr+eGxt/Fy2a",
            "6eylmnUxZLJabK9aL34DPM",
            "6e/s7Cyf5IcZpTXw4NYqH2",
            "75mKqcuspKgJPbqZVlQIC3",
            "a2MjXRFdtLlYQ5ouAFv/+R",
            "aaK581GyFEuIUfIv9Cnc80",
            "b1rENAAsBBD6/c01ZAN4Xb",
            "bcz59D9qZNwb/wwp3WQF6i",
            "c6AGkvMudJcIYqG0CSpYYd",
            "c7L7V2iNdCYZJD3GgkLn1C",
            "c8jA/mo3JOeouSPmSlWkvT",
            "ccd/1CtnpEgo4Up3d3AWDY",
            "d0oQ+duXFAR4K+mVJc2u0M",
            "d6xz57ICVAgJZyF/OJ8Ygt",
            "dcV7hpT65NHYrWi+Bocoqv",
            "deM8yifm9B2KIHC98BVrHr",
            "e6BhFTQqFCqYsVdawWHLnA",
            "e7wuiOGyVLg6LQYYDcc2Lk",
            "ectRod5O5PZYYKc1apBxbD",
            "f0ZpIiJTNDU5Iv7UD6Fzj8",
            "f2uIQGhDxFPZpcTB0BwIks",
            "f3iHJBgEpJMoNshAoLfyNs",
            "f8fXMd63xDDarnGFcjWzgv",
            "f8xk+yIxdI+bRDh5J2oRm/",
            "fbIBdq8IJG+ZISFJxfwiEu"
        ]
    },
    "name": "main",
    "importBase": "import",
    "nativeBase": "native",
    "debug": true,
    "isZip": false,
    "encrypted": false,
    "versions": {
        "import": [
            "0269905cd",
            "fafb1",
            "0a3424489",
            "5ca15"
        ],
        "native": [
            "06rLuQGMNO5rDoD1kE6fY7",
            "502f0",
            "25Oe2/vOxDHoZoeih1vijL",
            "b65a9",
            "38/3JTMZlE1Ll+0bJ95Ttv",
            "22c53",
            "51Afm2S7dFI5BCBresQlTB",
            "ca37f",
            "56/nDdX4tBEIfgEURJwNEV",
            "7ddf9",
            "5fqv3obPJD9I5hNvW9ywg2",
            "8573e",
            "6f/ws+0M9H2Y/K6wtw6NWc",
            "a6155",
            "80/CrBhrRG3opo7rkMz6Or",
            "97b7b",
            "86hbiW64FIo41pAU8QmMcm",
            "f7def",
            "8ft25dquZORpKMUEo//nbu",
            "f4ca8",
            "a4O7ey8jFAH4+AxtXxFprk",
            "673d5",
            "c4BeGG2aNIdqfjwKeUk2sm",
            "a527f",
            "c8Q9YlcPFHUqtgl7s1tOnG",
            "e57a4",
            "cfc64ljJtDLY+fx81PLjff",
            "00907",
            "e16s2eV7xM6otWdTPEHiJy",
            "d2a98",
            "e2SpOWs4dDjLWmh++ugkXn",
            "2d314",
            "e40nuRyaZGtbABnLpHir9A",
            "3fa91",
            "e7tQ2HJ79HTZ3whTltxwH+",
            "e0a3f",
            "eaHACqOtVNTZf96tAqLQ1j",
            "e7b47",
            "ebHrFNDnhIbKnacXMOqCV2",
            "c5d30",
            "f96+K4V4ZApowqV4FmFo8d",
            "a61ef"
        ]
    }
}