[1,["13i8bx3mdDpo2exzlUjUbm","2cMoecNCdDS6XVccl0JSw7","d2T3fvqn9OypsloD9u3m0T","be1cC0SBJIlJYW/Favftgs","49uHdqEJFK/b/8baHWXXw2","aaIw9UBGxHRaSp3/gCVYya","42clx786xGUL/ZG9v/stao","28OrVLkMtJyqcaOs8sKGCm","25w+BR/OpBDJEiZKSr97Z6","3cti+PIJ1HwpB7twi3g7hf"],["_textureSetter","value"],["cc.SpriteFrame",["cc.AnimationClip",["_name","_duration","speed","wrapMode","curveData"],-1,11]],[[1,0,1,2,3,4,5]],[[[{"name":"8","rect":[698,333,180,158],"offset":[0,0],"originalSize":[180,158],"capInsets":[0,0,0,0]}],[0],0,[0],[0],[0]],[[{"name":"7","rect":[882,253,160,141],"offset":[0,-1],"originalSize":[160,143],"rotated":1,"capInsets":[0,0,0,0]}],[0],0,[0],[0],[0]],[[{"name":"1","rect":[583,249,103,115],"offset":[0,0],"originalSize":[103,115],"rotated":1,"capInsets":[0,0,0,0]}],[0],0,[0],[0],[0]],[[{"name":"9","rect":[0,0,370,341],"offset":[0,0],"originalSize":[370,341],"capInsets":[0,0,0,0]}],[0],0,[0],[0],[0]],[[{"name":"6","rect":[0,341,165,138],"offset":[0,0],"originalSize":[165,138],"capInsets":[0,0,0,0]}],[0],0,[0],[0],[0]],[[{"name":"4","rect":[370,157,198,213],"offset":[0,0],"originalSize":[198,213],"rotated":1,"capInsets":[0,0,0,0]}],[0],0,[0],[0],[0]],[[[0,"boom",0.43333333333333335,1.5,0,[{"props":{"position":[{"frame":0,"value":[-4.313,3.701,0]},{"frame":0.05,"value":[-10.063,11.608,0]},{"frame":0.1,"value":[9.845,16.357,0]},{"frame":0.15,"value":[-16.064,22.234,0]},{"frame":0.2,"value":[-15.842,22.139,0]},{"frame":0.25,"value":[-8.186,17.826,0]},{"frame":0.31666666666666665,"value":[-0.719,7.295,0]}]}},"comps",11,[{},"cc.Sprite",11,[{},"spriteFrame",12,[[[{"frame":0},"value",6,0],[{"frame":0.05},"value",6,1],[{"frame":0.1},"value",6,2],[{"frame":0.15},"value",6,3],[{"frame":0.2},"value",6,4],[{"frame":0.25},"value",6,5],[{"frame":0.31666666666666665},"value",6,6],[{"frame":0.36666666666666664},"value",6,7],[{"frame":0.4166666666666667},"value",6,8]],11,11,11,11,11,11,11,11,11]]]]]],0,0,[0,0,0,0,0,0,0,0,0],[1,1,1,1,1,1,1,1,1],[1,2,3,4,5,6,7,8,9]],[[{"name":"5","rect":[712,0,199,224],"offset":[0,0],"originalSize":[199,224],"rotated":1,"capInsets":[0,0,0,0]}],[0],0,[0],[0],[0]],[[{"name":"3","rect":[699,199,134,183],"offset":[-0.5,0],"originalSize":[135,183],"rotated":1,"capInsets":[0,0,0,0]}],[0],0,[0],[0],[0]],[[{"name":"2","rect":[878,413,140,151],"offset":[0,0],"originalSize":[140,151],"capInsets":[0,0,0,0]}],[0],0,[0],[0],[0]]]]