{
    "paths": {},
    "uuids": [
        "00KYyrJsVB5pjVgab+Mnek",
        "01OWXqMrJDeYC9kqRz3Zwm",
        "02delMVqdBD70a/HSD99FK",
        "03ROcuv45CoJNGn8CavJHR",
        "06rLuQGMNO5rDoD1kE6fY7",
        "069ebgf2xNLZwul9sqck9p",
        "09yEN9ypdGQrNq3cqI7+Vr",
        "0bDRHS+UJD4KIasAysaqAt",
        "0cKr4emRZMDKxT3UrNtHl9",
        "0dfcCipOBCIrnq6+plKwoB",
        "0ekXHKNApNpbrKwXetORY1",
        "12HOg/PqNEIrLzvkOvyBes",
        "13i8bx3mdDpo2exzlUjUbm",
        "14S0EdCFBEvINk9YDdtRoo",
        "15ZJN+7UJNG4JleredYO85",
        "17Ew0qxA9PIp+ZnGRlGCe/",
        "17oCMmK+dMRJxqe2S7fvuG",
        "17//snLxJJc4tQg2w2rRTD",
        "1cOPDAiOdF87BuEvgr+Ts4",
        "1eQZSHRE5HG6AZ0n/Egyge",
        "1er8C2x8hNOJEEyIgEA7LV",
        "20bbhdOlxEqpMLKUM8cuA5",
        "25ITNHhwdKEoEPIlEHBUHF",
        "25Oe2/vOxDHoZoeih1vijL",
        "2dAK5oR/RE/qKJ9AK5hPhQ",
        "31xmD3OCRFIYKtf2wccNf9",
        "327tdjYulA5ZsS8t4j5+hJ",
        "339KIzLlZIqoR78pLVx+hQ",
        "35tBmHkolHJLPHWdLBhviU",
        "3cFrAA3j5E9r2PQEEITx0a",
        "3epU18AyxKg69tDpHHiWh9",
        "44BHaN0JNHarRnx2RP8X2/",
        "4aICmQl5ZA856qQbw7CJBQ",
        "4dPEICnqRLV6TFyDI9EDbT",
        "4fJnSrmHhOvJF/TRlryhCK",
        "4fM/zu+NlMELPZ+pzyjF+H",
        "4fa7JheKxK/a9ZFLNHaL+4",
        "557+bHkGFO9aXdTXSYDUMC",
        "5e1p+Q31lFUbzHCA8PMLyJ",
        "65nzRqha5JCaekpP0Ttyh8",
        "65pYZyxLdCrZE2pps91LRw",
        "67uiJ8svhFwL8+ik5hPTUQ",
        "69V9/nCZRCWr+eGxt/Fy2a",
        "6cN4fRSB1PZYxFU9bxKsFy",
        "6eylmnUxZLJabK9aL34DPM",
        "6e/s7Cyf5IcZpTXw4NYqH2",
        "72fK02hF5FBLdvNPiepe7W",
        "72/jt3roFO1qf26bRj2Epb",
        "75mKqcuspKgJPbqZVlQIC3",
        "77BRlgLBZG3ZwfI1is2U9B",
        "77FjqwESBIIbKpJqYFNE4h",
        "7ax89fNHhByaJzbGaXG32H",
        "7azY4VpIFCzIUw/nOAHP17",
        "7dVBBtzXVL2rcbdNwSLZBG",
        "7eSrg7V3pCC6DpxdkNDfNa",
        "7e+bBfzv1IlZVRAaR0QCtn",
        "8c/A38LGpNJrRBKZEjureY",
        "8d8ChpYklEQ5RpbOa3HPqz",
        "8ft25dquZORpKMUEo//nbu",
        "90/gTLdlxCeI+YZFB/et/7",
        "93rbc17VNJ3LUAnuLUuYEz",
        "983umUWEpKoJ7SQavEZvkf",
        "9fnjx/57VHMr61B0hSAafH",
        "a2MjXRFdtLlYQ5ouAFv/+R",
        "a8bMNaHatLQI4+8BTKvmR2",
        "b2nr2KiMZK9LxCUfeTclb4",
        "bbxzswcjJPmqrjiRg0WNsB",
        "bcz59D9qZNwb/wwp3WQF6i",
        "c2iLkVTFFDWrWnbc7tk4e5",
        "c33f2/rlpIv7hLcULOcy9r",
        "c4BeGG2aNIdqfjwKeUk2sm",
        "c6AGkvMudJcIYqG0CSpYYd",
        "c7L7V2iNdCYZJD3GgkLn1C",
        "c8jA/mo3JOeouSPmSlWkvT",
        "c9yPzb6MlOjKGBUWYJ5Vw+",
        "cbm/GPzYRBDpaFt8MMVT2V",
        "cd1+uBAv1Ix6F3KuqoGDs9",
        "d0oQ+duXFAR4K+mVJc2u0M",
        "d9uddxA49DdYGuXx1OQIWv",
        "dc9UyI1VZOtrVvbJqJBVJZ",
        "ddX95YSvNCao6h5/5/RIph",
        "deM8yifm9B2KIHC98BVrHr",
        "dfQQM2WBtHD4vKqmUgxMMt",
        "e1l6HMujBPvoXNidFAr1FG",
        "e2SpOWs4dDjLWmh++ugkXn",
        "e6BhFTQqFCqYsVdawWHLnA",
        "e7wuiOGyVLg6LQYYDcc2Lk",
        "e8zPPAIWlL7rC2xkGFsdr8",
        "eaHACqOtVNTZf96tAqLQ1j",
        "ea42jX851LfpVzrvgRUl3r",
        "ebHrFNDnhIbKnacXMOqCV2",
        "ecpdLyjvZBwrvm+cedCcQy",
        "f08ygz+zBCNrka5cNljHc6",
        "f3iHJBgEpJMoNshAoLfyNs",
        "f6wrJk3YNCerpKP2lWw8bk",
        "f8fXMd63xDDarnGFcjWzgv",
        "f8xk+yIxdI+bRDh5J2oRm/",
        "fbGEuekp1F4r8ee0JHDL2A",
        "fbIBdq8IJG+ZISFJxfwiEu"
    ],
    "scenes": {
        "db://assets/home.fire": "c8jA/mo3JOeouSPmSlWkvT"
    },
    "redirect": [
        "02delMVqdBD70a/HSD99FK",
        0,
        "0cKr4emRZMDKxT3UrNtHl9",
        1,
        "13i8bx3mdDpo2exzlUjUbm",
        1,
        "1eQZSHRE5HG6AZ0n/Egyge",
        1,
        "77BRlgLBZG3ZwfI1is2U9B",
        1,
        "ecpdLyjvZBwrvm+cedCcQy",
        0
    ],
    "deps": [
        "internal",
        "resources"
    ],
    "packs": {
        "043380d7e": [
            "00KYyrJsVB5pjVgab+Mnek",
            "01OWXqMrJDeYC9kqRz3Zwm",
            "06rLuQGMNO5rDoD1kE6fY7",
            "069ebgf2xNLZwul9sqck9p",
            "12HOg/PqNEIrLzvkOvyBes",
            "17oCMmK+dMRJxqe2S7fvuG",
            "17//snLxJJc4tQg2w2rRTD",
            "1cOPDAiOdF87BuEvgr+Ts4",
            "20bbhdOlxEqpMLKUM8cuA5",
            "25Oe2/vOxDHoZoeih1vijL",
            "2dAK5oR/RE/qKJ9AK5hPhQ",
            "327tdjYulA5ZsS8t4j5+hJ",
            "339KIzLlZIqoR78pLVx+hQ",
            "3epU18AyxKg69tDpHHiWh9",
            "4aICmQl5ZA856qQbw7CJBQ",
            "4dPEICnqRLV6TFyDI9EDbT",
            "4fM/zu+NlMELPZ+pzyjF+H",
            "5e1p+Q31lFUbzHCA8PMLyJ",
            "6cN4fRSB1PZYxFU9bxKsFy",
            "7eSrg7V3pCC6DpxdkNDfNa",
            "7e+bBfzv1IlZVRAaR0QCtn",
            "8d8ChpYklEQ5RpbOa3HPqz",
            "8ft25dquZORpKMUEo//nbu",
            "983umUWEpKoJ7SQavEZvkf",
            "9fnjx/57VHMr61B0hSAafH",
            "a8bMNaHatLQI4+8BTKvmR2",
            "c2iLkVTFFDWrWnbc7tk4e5",
            "c4BeGG2aNIdqfjwKeUk2sm",
            "c9yPzb6MlOjKGBUWYJ5Vw+",
            "ddX95YSvNCao6h5/5/RIph",
            "e1l6HMujBPvoXNidFAr1FG",
            "e2SpOWs4dDjLWmh++ugkXn",
            "eaHACqOtVNTZf96tAqLQ1j",
            "ebHrFNDnhIbKnacXMOqCV2",
            "fbGEuekp1F4r8ee0JHDL2A"
        ],
        "0fa0ea6fd": [
            "03ROcuv45CoJNGn8CavJHR",
            "09yEN9ypdGQrNq3cqI7+Vr",
            "0bDRHS+UJD4KIasAysaqAt",
            "0dfcCipOBCIrnq6+plKwoB",
            "0ekXHKNApNpbrKwXetORY1",
            "14S0EdCFBEvINk9YDdtRoo",
            "15ZJN+7UJNG4JleredYO85",
            "17Ew0qxA9PIp+ZnGRlGCe/",
            "1er8C2x8hNOJEEyIgEA7LV",
            "25ITNHhwdKEoEPIlEHBUHF",
            "31xmD3OCRFIYKtf2wccNf9",
            "35tBmHkolHJLPHWdLBhviU",
            "3cFrAA3j5E9r2PQEEITx0a",
            "44BHaN0JNHarRnx2RP8X2/",
            "4fJnSrmHhOvJF/TRlryhCK",
            "4fa7JheKxK/a9ZFLNHaL+4",
            "557+bHkGFO9aXdTXSYDUMC",
            "65nzRqha5JCaekpP0Ttyh8",
            "65pYZyxLdCrZE2pps91LRw",
            "67uiJ8svhFwL8+ik5hPTUQ",
            "69V9/nCZRCWr+eGxt/Fy2a",
            "6eylmnUxZLJabK9aL34DPM",
            "6e/s7Cyf5IcZpTXw4NYqH2",
            "72fK02hF5FBLdvNPiepe7W",
            "72/jt3roFO1qf26bRj2Epb",
            "75mKqcuspKgJPbqZVlQIC3",
            "77FjqwESBIIbKpJqYFNE4h",
            "7ax89fNHhByaJzbGaXG32H",
            "7azY4VpIFCzIUw/nOAHP17",
            "7dVBBtzXVL2rcbdNwSLZBG",
            "8c/A38LGpNJrRBKZEjureY",
            "90/gTLdlxCeI+YZFB/et/7",
            "93rbc17VNJ3LUAnuLUuYEz",
            "a2MjXRFdtLlYQ5ouAFv/+R",
            "b2nr2KiMZK9LxCUfeTclb4",
            "bbxzswcjJPmqrjiRg0WNsB",
            "bcz59D9qZNwb/wwp3WQF6i",
            "c33f2/rlpIv7hLcULOcy9r",
            "c6AGkvMudJcIYqG0CSpYYd",
            "c7L7V2iNdCYZJD3GgkLn1C",
            "c8jA/mo3JOeouSPmSlWkvT",
            "cbm/GPzYRBDpaFt8MMVT2V",
            "cd1+uBAv1Ix6F3KuqoGDs9",
            "d0oQ+duXFAR4K+mVJc2u0M",
            "d9uddxA49DdYGuXx1OQIWv",
            "dc9UyI1VZOtrVvbJqJBVJZ",
            "deM8yifm9B2KIHC98BVrHr",
            "dfQQM2WBtHD4vKqmUgxMMt",
            "e6BhFTQqFCqYsVdawWHLnA",
            "e7wuiOGyVLg6LQYYDcc2Lk",
            "e8zPPAIWlL7rC2xkGFsdr8",
            "ea42jX851LfpVzrvgRUl3r",
            "f08ygz+zBCNrka5cNljHc6",
            "f3iHJBgEpJMoNshAoLfyNs",
            "f6wrJk3YNCerpKP2lWw8bk",
            "f8fXMd63xDDarnGFcjWzgv",
            "f8xk+yIxdI+bRDh5J2oRm/",
            "fbIBdq8IJG+ZISFJxfwiEu"
        ]
    },
    "name": "main",
    "importBase": "import",
    "nativeBase": "native",
    "debug": true,
    "isZip": false,
    "encrypted": false,
    "versions": {
        "import": [
            "043380d7e",
            "49f44",
            "0fa0ea6fd",
            "5d26c"
        ],
        "native": [
            "00KYyrJsVB5pjVgab+Mnek",
            "f7152",
            "01OWXqMrJDeYC9kqRz3Zwm",
            "138c5",
            "06rLuQGMNO5rDoD1kE6fY7",
            "502f0",
            "069ebgf2xNLZwul9sqck9p",
            "c20fa",
            "12HOg/PqNEIrLzvkOvyBes",
            "9b4a0",
            "17oCMmK+dMRJxqe2S7fvuG",
            "11421",
            "17//snLxJJc4tQg2w2rRTD",
            "22c53",
            "1cOPDAiOdF87BuEvgr+Ts4",
            "673d5",
            "20bbhdOlxEqpMLKUM8cuA5",
            "e0a3f",
            "25Oe2/vOxDHoZoeih1vijL",
            "b65a9",
            "2dAK5oR/RE/qKJ9AK5hPhQ",
            "e57a4",
            "327tdjYulA5ZsS8t4j5+hJ",
            "3fa91",
            "339KIzLlZIqoR78pLVx+hQ",
            "ca37f",
            "3epU18AyxKg69tDpHHiWh9",
            "a6155",
            "4aICmQl5ZA856qQbw7CJBQ",
            "5a3e5",
            "4dPEICnqRLV6TFyDI9EDbT",
            "84630",
            "4fM/zu+NlMELPZ+pzyjF+H",
            "a61ef",
            "5e1p+Q31lFUbzHCA8PMLyJ",
            "d2a98",
            "6cN4fRSB1PZYxFU9bxKsFy",
            "7e43f",
            "7eSrg7V3pCC6DpxdkNDfNa",
            "c51de",
            "7e+bBfzv1IlZVRAaR0QCtn",
            "c94d9",
            "8d8ChpYklEQ5RpbOa3HPqz",
            "e5470",
            "8ft25dquZORpKMUEo//nbu",
            "f4ca8",
            "983umUWEpKoJ7SQavEZvkf",
            "92ba8",
            "9fnjx/57VHMr61B0hSAafH",
            "85fff",
            "a8bMNaHatLQI4+8BTKvmR2",
            "7ddf9",
            "c2iLkVTFFDWrWnbc7tk4e5",
            "00907",
            "c4BeGG2aNIdqfjwKeUk2sm",
            "a527f",
            "c9yPzb6MlOjKGBUWYJ5Vw+",
            "b26e5",
            "ddX95YSvNCao6h5/5/RIph",
            "9fbc5",
            "e1l6HMujBPvoXNidFAr1FG",
            "97b7b",
            "e2SpOWs4dDjLWmh++ugkXn",
            "2d314",
            "eaHACqOtVNTZf96tAqLQ1j",
            "e7b47",
            "ebHrFNDnhIbKnacXMOqCV2",
            "c5d30",
            "fbGEuekp1F4r8ee0JHDL2A",
            "3e9d0"
        ]
    }
}